node,score
2183,0.014192243663797233
2184,0.009436641273728785
2185,0.013677675967958436
2186,0.02385650285791363
2187,0.026236056615506764
2188,0.029047359063558598
2189,0.010184745893192182
2190,0.024258308169427423
2191,0.04501972108752761
2192,0.016046070276607094
2193,0.018479321037127128
2194,0.020228434928068473
2195,0.02794813056644263
2196,0.01854957224829179
2197,0.05910783631533456
2198,0.02240053900053285
2199,0.013148022462248554
2200,0.0073619951064873845
2201,0.01660347978808241
